{
    "Age": {
        "bins": [
            0.42,
            5.588235294117645,
            16.0,
            19.0,
            21.35294117647058,
            24.0,
            26.0,
            28.0,
            30.0,
            32.5,
            35.0,
            40.0,
            45.0,
            52.0,
            80.0
        ],
        "encoding_values": {
            "0": 0.7027027027027027,
            "1": 0.38461538461538464,
            "2": 0.3023255813953488,
            "3": 0.21428571428571427,
            "4": 0.48936170212765956,
            "5": 0.21875,
            "6": 0.2903225806451613,
            "7": 0.3548387096774194,
            "8": 0.5172413793103449,
            "9": 0.4594594594594595,
            "10": 0.4,
            "11": 0.34285714285714286,
            "12": 0.3142857142857143,
            "13": 0.4
        }
    },
    "Fare": {
        "bins": [
            0.0,
            7.25,
            7.775,
            7.8958,
            8.05,
            10.5,
            13.0,
            15.85,
            22.89038461538462,
            26.55,
            34.18427692307696,
            55.135907692307725,
            80.28589230769217,
            512.3292
        ],
        "encoding_values": {
            "0": 0.1509433962264151,
            "1": 0.3076923076923077,
            "2": 0.14893617021276595,
            "3": 0.22916666666666666,
            "4": 0.21153846153846154,
            "5": 0.5,
            "6": 0.35714285714285715,
            "7": 0.4666666666666667,
            "8": 0.45454545454545453,
            "9": 0.34146341463414637,
            "10": 0.375,
            "11": 0.5625,
            "12": 0.75
        }
    },
    "Embarked": {
        "encoding_values": {
            "C": 0.5636363636363636,
            "Q": 0.38181818181818183,
            "S": 0.3231441048034934
        }
    },
    "Parch": {
        "bins": [
            0.0,
            1.0,
            6.0
        ],
        "encoding_values": {
            "0": 0.36330935251798563,
            "1": 0.43283582089552236
        }
    }
}