{
    "SibSp": {
        "bins": [
            0.0,
            1.0,
            3.0,
            8.0
        ],
        "woe_values": {
            "0": 0.043336313486968134,
            "1": 0.1721691853299367,
            "2": -1.262915339959386
        }
    }
}